{
	"credit": "Made with Blockbench",
	"ambientocclusion": false,
	"textures": {
		"0": "epicaddon:item/dark_repulsor_1",
		"particle": "epicaddon:item/dark_repulsor_1"
	},
	"elements": [
		{
			"from": [7.6, -15.7, 7.6],
			"to": [8.4, -5.2, 8.4],
			"rotation": {"angle": 0, "axis": "y", "origin": [0, -10.2, 0]},
			"faces": {
				"north": {"uv": [0, 0, 0.8, 9.5], "texture": "#0"},
				"east": {"uv": [0, 0, 0.8, 9.5], "texture": "#0"},
				"south": {"uv": [0, 0, 0.8, 9.5], "texture": "#0"},
				"west": {"uv": [0, 0, 0.8, 9.5], "texture": "#0"},
				"up": {"uv": [0, 0, 0.8, 0.8], "texture": "#0"},
				"down": {"uv": [0, 0, 0.8, 0.8], "texture": "#0"}
			}
		},
		{
			"from": [7.35, -15.625, 7.35],
			"to": [8.65, -15.075, 8.65],
			"rotation": {"angle": 0, "axis": "y", "origin": [0, -10, 0]},
			"faces": {
				"north": {"uv": [7.7, 15.45, 9, 16], "texture": "#0"},
				"east": {"uv": [7.7, 15.45, 9, 16], "texture": "#0"},
				"south": {"uv": [7.7, 15.45, 9, 16], "texture": "#0"},
				"west": {"uv": [7.7, 15.45, 9, 16], "texture": "#0"},
				"up": {"uv": [7.7, 14.7, 9, 16], "texture": "#0"},
				"down": {"uv": [7.7, 13.5, 9, 14.8], "texture": "#0"}
			}
		},
		{
			"from": [7.5, -6.7, 7.5],
			"to": [8.5, -6.4, 8.5],
			"rotation": {"angle": 0, "axis": "y", "origin": [0, -10.2, 0]},
			"faces": {
				"north": {"uv": [8, 15, 9, 15.3], "texture": "#0"},
				"east": {"uv": [8, 15, 9, 15.3], "texture": "#0"},
				"south": {"uv": [8, 15, 9, 15.3], "texture": "#0"},
				"west": {"uv": [8, 15, 9, 15.3], "texture": "#0"},
				"up": {"uv": [8, 15, 9, 16], "texture": "#0"},
				"down": {"uv": [8, 15, 9, 16], "texture": "#0"}
			}
		},
		{
			"from": [7.40312, -4.30312, 7.5],
			"to": [8.59688, -3.79063, 8.5],
			"rotation": {"angle": 0, "axis": "y", "origin": [0, -10.3125, 0]},
			"faces": {
				"north": {"uv": [0, 0, 0.3, 0.35], "texture": "#0"},
				"east": {"uv": [0, 0, 0.5, 0.35], "texture": "#0"},
				"south": {"uv": [0, 0, 0.3, 0.35], "texture": "#0"},
				"west": {"uv": [0, 0, 0.5, 0.35], "texture": "#0"},
				"up": {"uv": [0, 0, 0.3, 0.5], "texture": "#0"},
				"down": {"uv": [0, 0, 0.3, 0.5], "texture": "#0"}
			}
		},
		{
			"from": [7.04688, -3.8, 7.5],
			"to": [8.95313, -3.39375, 8.5],
			"rotation": {"angle": 0, "axis": "y", "origin": [0, -9.92187, 0]},
			"faces": {
				"north": {"uv": [0, 0, 0.5, 0.875], "texture": "#0"},
				"east": {"uv": [0, 0, 0.5, 0.875], "texture": "#0"},
				"south": {"uv": [0, 0, 0.5, 0.875], "texture": "#0"},
				"west": {"uv": [0, 0, 0.5, 0.875], "texture": "#0"},
				"up": {"uv": [0, 0, 0.5, 0.5], "texture": "#0"},
				"down": {"uv": [0, 0, 0.5, 0.5], "texture": "#0"}
			}
		},
		{
			"from": [7.75938, -1.79062, 7.5625],
			"to": [8.24063, 3.18125, 8.4375],
			"rotation": {"angle": 0, "axis": "y", "origin": [0, -9.15625, 0]},
			"faces": {
				"north": {"uv": [0, 0, 1, 3], "texture": "#0"},
				"east": {"uv": [1, 0, 2, 3], "texture": "#0"},
				"south": {"uv": [2, 0, 3, 3], "texture": "#0"},
				"west": {"uv": [0, 3, 1, 6], "texture": "#0"},
				"up": {"uv": [4, 1, 3, 0], "texture": "#0"},
				"down": {"uv": [2, 3, 1, 4], "texture": "#0"}
			}
		},
		{
			"from": [7.3125, 18.4625, 7.7],
			"to": [8.6875, 25.04688, 8.3],
			"rotation": {"angle": 0, "axis": "y", "origin": [0, -10.775, 0]},
			"faces": {
				"north": {"uv": [0, 0, 1, 14.5], "texture": "#0"},
				"east": {"uv": [2, 0, 2.5, 14.5], "texture": "#0"},
				"south": {"uv": [1, 0, 2, 14.5], "texture": "#0"},
				"west": {"uv": [2.5, 0, 3, 14.5], "texture": "#0"},
				"up": {"uv": [4, 0.5, 3, 0], "texture": "#0"},
				"down": {"uv": [4, 0.5, 3, 1], "texture": "#0"}
			}
		},
		{
			"from": [7.10625, 18.45625, 7.85],
			"to": [8.89375, 24.85313, 8.15],
			"rotation": {"angle": 0, "axis": "y", "origin": [0, -10.875, 0]},
			"faces": {
				"north": {"uv": [10.5, 0, 12, 14.5], "texture": "#0"},
				"east": {"uv": [13.5, 0, 14, 14.5], "texture": "#0"},
				"south": {"uv": [12, 0, 13.5, 14.5], "texture": "#0"},
				"west": {"uv": [14, 0, 14.5, 14.5], "texture": "#0"},
				"up": {"uv": [16, 0.5, 14.5, 0], "texture": "#0"},
				"down": {"uv": [16, 0.5, 14.5, 1], "texture": "#0"}
			}
		},
		{
			"from": [8.91563, 27.02801, 7.7],
			"to": [7.28438, 25.39676, 8.3],
			"rotation": {"angle": 45, "axis": "z", "origin": [8, 26.11238, 8]},
			"faces": {
				"north": {"uv": [0, 0, 1.4, 1.4], "rotation": 270, "texture": "#0"},
				"east": {"uv": [0, 0, 1.4, 0.6], "rotation": 90, "texture": "#0"},
				"south": {"uv": [0, 0, 1.4, 1.4], "rotation": 90, "texture": "#0"},
				"west": {"uv": [0, 0, 1.4, 0.6], "rotation": 90, "texture": "#0"},
				"up": {"uv": [0, 0, 0.6, 1.4], "rotation": 90, "texture": "#0"},
				"down": {"uv": [0, 0, 0.6, 1.4], "rotation": 90, "texture": "#0"}
			}
		},
		{
			"from": [7.675, 26.02801, 7.7],
			"to": [9.125, 27.47801, 8.3],
			"rotation": {"angle": 45, "axis": "z", "origin": [8, 26.35301, 8]},
			"faces": {
				"north": {"uv": [0, 0, 1.2, 1.2], "rotation": 270, "texture": "#0"},
				"east": {"uv": [0, 0, 1.2, 0.6], "rotation": 90, "texture": "#0"},
				"south": {"uv": [0, 0, 1.2, 1.2], "rotation": 90, "texture": "#0"},
				"west": {"uv": [0, 0, 1.2, 0.6], "rotation": 90, "texture": "#0"},
				"up": {"uv": [0, 0, 0.6, 1.2], "rotation": 90, "texture": "#0"},
				"down": {"uv": [0, 0, 0.6, 1.2], "rotation": 90, "texture": "#0"}
			}
		},
		{
			"from": [8.21562, 27.02176, 7.7],
			"to": [9.08437, 27.89051, 8.3],
			"rotation": {"angle": 45, "axis": "z", "origin": [8, 26.80613, 8]},
			"faces": {
				"north": {"uv": [0, 0, 0.9, 0.9], "rotation": 270, "texture": "#0"},
				"east": {"uv": [0, 0, 0.9, 0.6], "rotation": 90, "texture": "#0"},
				"south": {"uv": [0, 0, 0.9, 0.9], "rotation": 90, "texture": "#0"},
				"west": {"uv": [0, 0, 0.9, 0.6], "rotation": 90, "texture": "#0"},
				"up": {"uv": [0, 0, 0.6, 0.9], "rotation": 90, "texture": "#0"},
				"down": {"uv": [0, 0, 0.6, 0.9], "rotation": 90, "texture": "#0"}
			}
		},
		{
			"from": [7.02812, 25.12488, 7.85],
			"to": [9.17188, 27.26863, 8.15],
			"rotation": {"angle": 45, "axis": "z", "origin": [8, 26.09676, 8]},
			"faces": {
				"north": {"uv": [10.5, 0, 12.3, 1.8], "rotation": 270, "texture": "#0"},
				"east": {"uv": [10.5, 0, 12.3, 0.3], "rotation": 90, "texture": "#0"},
				"south": {"uv": [10.5, 0, 12.3, 1.8], "rotation": 90, "texture": "#0"},
				"west": {"uv": [10.5, 0, 12.3, 0.3], "rotation": 90, "texture": "#0"},
				"up": {"uv": [10.5, 0, 10.8, 1.8], "rotation": 90, "texture": "#0"},
				"down": {"uv": [10.5, 0, 10.8, 1.8], "rotation": 90, "texture": "#0"}
			}
		},
		{
			"from": [7.475, 25.82801, 7.85],
			"to": [9.325, 27.67801, 8.15],
			"rotation": {"angle": 45, "axis": "z", "origin": [8, 26.35301, 8]},
			"faces": {
				"north": {"uv": [10.5, 0, 12.1, 1.6], "rotation": 270, "texture": "#0"},
				"east": {"uv": [10.5, 0, 12.1, 0.3], "rotation": 90, "texture": "#0"},
				"south": {"uv": [10.5, 0, 12.1, 1.6], "rotation": 90, "texture": "#0"},
				"west": {"uv": [10.5, 0, 12.1, 0.3], "rotation": 90, "texture": "#0"},
				"up": {"uv": [10.5, 0, 10.8, 1.6], "rotation": 90, "texture": "#0"},
				"down": {"uv": [10.5, 0, 10.8, 1.6], "rotation": 90, "texture": "#0"}
			}
		},
		{
			"from": [8.2, 26.78738, 7.85],
			"to": [9.4, 27.98738, 8.15],
			"rotation": {"angle": 45, "axis": "z", "origin": [8, 26.58738, 8]},
			"faces": {
				"north": {"uv": [10.5, 0, 11.7, 1.2], "rotation": 270, "texture": "#0"},
				"east": {"uv": [10.5, 0, 11.7, 0.3], "rotation": 90, "texture": "#0"},
				"south": {"uv": [10.5, 0, 11.7, 1.2], "rotation": 90, "texture": "#0"},
				"west": {"uv": [10.5, 0, 11.7, 0.3], "rotation": 90, "texture": "#0"},
				"up": {"uv": [10.5, 0, 10.8, 1.2], "rotation": 90, "texture": "#0"},
				"down": {"uv": [10.5, 0, 10.8, 1.2], "rotation": 90, "texture": "#0"}
			}
		},
		{
			"from": [7.475, -15.125, 7.475],
			"to": [8.525, -14.7625, 8.525],
			"rotation": {"angle": 0, "axis": "y", "origin": [0, -10, 0]},
			"faces": {
				"north": {"uv": [7.7, 15.45, 9, 16], "texture": "#0"},
				"east": {"uv": [7.7, 15.45, 9, 16], "texture": "#0"},
				"south": {"uv": [7.7, 15.45, 9, 16], "texture": "#0"},
				"west": {"uv": [7.7, 15.45, 9, 16], "texture": "#0"},
				"up": {"uv": [7.7, 14.7, 9, 16], "texture": "#0"},
				"down": {"uv": [7.7, 13.5, 9, 14.8], "texture": "#0"}
			}
		},
		{
			"from": [6.0625, -5.625, 7.75],
			"to": [9.9375, -4.625, 8.25],
			"faces": {
				"north": {"uv": [0, 0, 3.75, 0.875], "texture": "#0"},
				"east": {"uv": [0, 0, 0.5, 0.875], "texture": "#0"},
				"south": {"uv": [0, 0, 3.75, 0.875], "texture": "#0"},
				"west": {"uv": [0, 0, 0.5, 0.875], "texture": "#0"},
				"up": {"uv": [0, 0, 3.75, 0.5], "texture": "#0"},
				"down": {"uv": [0, 0, 3.75, 0.5], "texture": "#0"}
			}
		},
		{
			"from": [5.9375, -5.75, 7.875],
			"to": [10.0625, -4.5, 8.125],
			"faces": {
				"north": {"uv": [10.5, 0, 14.25, 0.875], "texture": "#0"},
				"east": {"uv": [10.5, 0, 11, 0.875], "texture": "#0"},
				"south": {"uv": [10.5, 0, 14.25, 0.875], "texture": "#0"},
				"west": {"uv": [10.5, 0, 11, 0.875], "texture": "#0"},
				"up": {"uv": [10.5, 0, 14.25, 0.5], "texture": "#0"},
				"down": {"uv": [10.5, 0, 14.25, 0.5], "texture": "#0"}
			}
		},
		{
			"from": [7, -6.125, 7.5],
			"to": [9, -4.125, 8.5],
			"rotation": {"angle": -45, "axis": "z", "origin": [8, -5.125, 8]},
			"faces": {
				"north": {"uv": [0, 0, 2, 2], "rotation": 90, "texture": "#0"},
				"east": {"uv": [0, 0, 2, 1], "rotation": 270, "texture": "#0"},
				"south": {"uv": [0, 0, 2, 2], "rotation": 270, "texture": "#0"},
				"west": {"uv": [0, 0, 2, 1], "rotation": 270, "texture": "#0"},
				"up": {"uv": [0, 0, 1, 2], "rotation": 270, "texture": "#0"},
				"down": {"uv": [0, 0, 1, 2], "rotation": 270, "texture": "#0"}
			}
		},
		{
			"from": [7.125, -6, 7.4375],
			"to": [8.875, -4.25, 8.5625],
			"rotation": {"angle": -45, "axis": "z", "origin": [8, -5.125, 8]},
			"faces": {
				"north": {"uv": [0, 0, 2, 2], "rotation": 90, "texture": "#0"},
				"east": {"uv": [0, 0, 2, 1], "rotation": 270, "texture": "#0"},
				"south": {"uv": [0, 0, 2, 2], "rotation": 270, "texture": "#0"},
				"west": {"uv": [0, 0, 2, 1], "rotation": 270, "texture": "#0"},
				"up": {"uv": [0, 0, 1, 2], "rotation": 270, "texture": "#0"},
				"down": {"uv": [0, 0, 1, 2], "rotation": 270, "texture": "#0"}
			}
		},
		{
			"from": [7.5625, -5.5625, 7.25],
			"to": [8.4375, -4.6875, 8.75],
			"rotation": {"angle": -45, "axis": "z", "origin": [8, -5.125, 8]},
			"faces": {
				"north": {"uv": [14, 14, 16, 16], "rotation": 90, "texture": "#0"},
				"east": {"uv": [14, 14, 16, 15], "rotation": 270, "texture": "#0"},
				"south": {"uv": [14, 14, 16, 16], "rotation": 270, "texture": "#0"},
				"west": {"uv": [14, 14, 16, 15], "rotation": 270, "texture": "#0"},
				"up": {"uv": [14, 14, 15, 16], "rotation": 270, "texture": "#0"},
				"down": {"uv": [14, 14, 15, 16], "rotation": 270, "texture": "#0"}
			}
		},
		{
			"from": [4.375, -5.75, 7.6875],
			"to": [6.4375, -4.5, 8.3125],
			"faces": {
				"north": {"uv": [0, 0, 3.75, 0.875], "texture": "#0"},
				"east": {"uv": [0, 0, 0.5, 0.875], "texture": "#0"},
				"south": {"uv": [0, 0, 3.75, 0.875], "texture": "#0"},
				"west": {"uv": [0, 0, 0.5, 0.875], "texture": "#0"},
				"up": {"uv": [0, 0, 3.75, 0.5], "texture": "#0"},
				"down": {"uv": [0, 0, 3.75, 0.5], "texture": "#0"}
			}
		},
		{
			"from": [4.25, -5.875, 7.8125],
			"to": [6.5625, -4.375, 8.1875],
			"faces": {
				"north": {"uv": [10.5, 0, 14.25, 0.875], "texture": "#0"},
				"east": {"uv": [10.5, 0, 11, 0.875], "texture": "#0"},
				"south": {"uv": [10.5, 0, 14.25, 0.875], "texture": "#0"},
				"west": {"uv": [10.5, 0, 11, 0.875], "texture": "#0"},
				"up": {"uv": [10.5, 0, 14.25, 0.5], "texture": "#0"},
				"down": {"uv": [10.5, 0, 14.25, 0.5], "texture": "#0"}
			}
		},
		{
			"from": [9.5625, -5.75, 7.6875],
			"to": [11.625, -4.5, 8.3125],
			"faces": {
				"north": {"uv": [0, 0, 3.75, 0.875], "texture": "#0"},
				"east": {"uv": [0, 0, 0.5, 0.875], "texture": "#0"},
				"south": {"uv": [0, 0, 3.75, 0.875], "texture": "#0"},
				"west": {"uv": [0, 0, 0.5, 0.875], "texture": "#0"},
				"up": {"uv": [0, 0, 3.75, 0.5], "texture": "#0"},
				"down": {"uv": [0, 0, 3.75, 0.5], "texture": "#0"}
			}
		},
		{
			"from": [11.25, -5.625, 7.75],
			"to": [12.1875, -4.625, 8.25],
			"faces": {
				"north": {"uv": [0, 0, 3.75, 0.875], "texture": "#0"},
				"east": {"uv": [0, 0, 0.5, 0.875], "texture": "#0"},
				"south": {"uv": [0, 0, 3.75, 0.875], "texture": "#0"},
				"west": {"uv": [0, 0, 0.5, 0.875], "texture": "#0"},
				"up": {"uv": [0, 0, 3.75, 0.5], "texture": "#0"},
				"down": {"uv": [0, 0, 3.75, 0.5], "texture": "#0"}
			}
		},
		{
			"from": [12.0625, -5.5, 7.875],
			"to": [12.75, -4.75, 8.125],
			"faces": {
				"north": {"uv": [0, 0, 3.75, 0.875], "texture": "#0"},
				"east": {"uv": [0, 0, 0.5, 0.875], "texture": "#0"},
				"south": {"uv": [0, 0, 3.75, 0.875], "texture": "#0"},
				"west": {"uv": [0, 0, 0.5, 0.875], "texture": "#0"},
				"up": {"uv": [0, 0, 3.75, 0.5], "texture": "#0"},
				"down": {"uv": [0, 0, 3.75, 0.5], "texture": "#0"}
			}
		},
		{
			"from": [3.5625, -5.625, 7.75],
			"to": [4.5, -4.625, 8.25],
			"faces": {
				"north": {"uv": [0, 0, 3.75, 0.875], "texture": "#0"},
				"east": {"uv": [0, 0, 0.5, 0.875], "texture": "#0"},
				"south": {"uv": [0, 0, 3.75, 0.875], "texture": "#0"},
				"west": {"uv": [0, 0, 0.5, 0.875], "texture": "#0"},
				"up": {"uv": [0, 0, 3.75, 0.5], "texture": "#0"},
				"down": {"uv": [0, 0, 3.75, 0.5], "texture": "#0"}
			}
		},
		{
			"from": [3.25, -5.5, 7.875],
			"to": [3.9375, -4.75, 8.125],
			"faces": {
				"north": {"uv": [0, 0, 3.75, 0.875], "texture": "#0"},
				"east": {"uv": [0, 0, 0.5, 0.875], "texture": "#0"},
				"south": {"uv": [0, 0, 3.75, 0.875], "texture": "#0"},
				"west": {"uv": [0, 0, 0.5, 0.875], "texture": "#0"},
				"up": {"uv": [0, 0, 3.75, 0.5], "texture": "#0"},
				"down": {"uv": [0, 0, 3.75, 0.5], "texture": "#0"}
			}
		},
		{
			"from": [9.4375, -5.875, 7.8125],
			"to": [11.75, -4.375, 8.1875],
			"faces": {
				"north": {"uv": [10.5, 0, 14.25, 0.875], "texture": "#0"},
				"east": {"uv": [10.5, 0, 11, 0.875], "texture": "#0"},
				"south": {"uv": [10.5, 0, 14.25, 0.875], "texture": "#0"},
				"west": {"uv": [10.5, 0, 11, 0.875], "texture": "#0"},
				"up": {"uv": [10.5, 0, 14.25, 0.5], "texture": "#0"},
				"down": {"uv": [10.5, 0, 14.25, 0.5], "texture": "#0"}
			}
		},
		{
			"from": [3.4375, -5.75, 7.9375],
			"to": [4.5, -4.5, 8.0625],
			"faces": {
				"north": {"uv": [10.5, 0, 14.25, 0.875], "texture": "#0"},
				"east": {"uv": [10.5, 0, 11, 0.875], "texture": "#0"},
				"south": {"uv": [10.5, 0, 14.25, 0.875], "texture": "#0"},
				"west": {"uv": [10.5, 0, 11, 0.875], "texture": "#0"},
				"up": {"uv": [10.5, 0, 14.25, 0.5], "texture": "#0"},
				"down": {"uv": [10.5, 0, 14.25, 0.5], "texture": "#0"}
			}
		},
		{
			"from": [3.125, -5.625, 7.9375],
			"to": [4.0625, -4.625, 8.0625],
			"faces": {
				"north": {"uv": [10.5, 0, 14.25, 0.875], "texture": "#0"},
				"east": {"uv": [10.5, 0, 11, 0.875], "texture": "#0"},
				"south": {"uv": [10.5, 0, 14.25, 0.875], "texture": "#0"},
				"west": {"uv": [10.5, 0, 11, 0.875], "texture": "#0"},
				"up": {"uv": [10.5, 0, 14.25, 0.5], "texture": "#0"},
				"down": {"uv": [10.5, 0, 14.25, 0.5], "texture": "#0"}
			}
		},
		{
			"from": [2.9375, -5.375, 7.875],
			"to": [3.25, -4.875, 8.125],
			"faces": {
				"north": {"uv": [0, 0, 3.75, 0.875], "texture": "#0"},
				"east": {"uv": [0, 0, 0.5, 0.875], "texture": "#0"},
				"south": {"uv": [0, 0, 3.75, 0.875], "texture": "#0"},
				"west": {"uv": [0, 0, 0.5, 0.875], "texture": "#0"},
				"up": {"uv": [0, 0, 3.75, 0.5], "texture": "#0"},
				"down": {"uv": [0, 0, 3.75, 0.5], "texture": "#0"}
			}
		},
		{
			"from": [2.8125, -5.5, 7.9375],
			"to": [3.625, -4.75, 8.0625],
			"faces": {
				"north": {"uv": [10.5, 0, 14.25, 0.875], "texture": "#0"},
				"east": {"uv": [10.5, 0, 11, 0.875], "texture": "#0"},
				"south": {"uv": [10.5, 0, 14.25, 0.875], "texture": "#0"},
				"west": {"uv": [10.5, 0, 11, 0.875], "texture": "#0"},
				"up": {"uv": [10.5, 0, 14.25, 0.5], "texture": "#0"},
				"down": {"uv": [10.5, 0, 14.25, 0.5], "texture": "#0"}
			}
		},
		{
			"from": [11.125, -5.75, 7.9375],
			"to": [12.3125, -4.5, 8.0625],
			"faces": {
				"north": {"uv": [10.5, 0, 14.25, 0.875], "texture": "#0"},
				"east": {"uv": [10.5, 0, 11, 0.875], "texture": "#0"},
				"south": {"uv": [10.5, 0, 14.25, 0.875], "texture": "#0"},
				"west": {"uv": [10.5, 0, 11, 0.875], "texture": "#0"},
				"up": {"uv": [10.5, 0, 14.25, 0.5], "texture": "#0"},
				"down": {"uv": [10.5, 0, 14.25, 0.5], "texture": "#0"}
			}
		},
		{
			"from": [11.9375, -5.625, 7.9375],
			"to": [12.875, -4.625, 8.0625],
			"faces": {
				"north": {"uv": [10.5, 0, 14.25, 0.875], "texture": "#0"},
				"east": {"uv": [10.5, 0, 11, 0.875], "texture": "#0"},
				"south": {"uv": [10.5, 0, 14.25, 0.875], "texture": "#0"},
				"west": {"uv": [10.5, 0, 11, 0.875], "texture": "#0"},
				"up": {"uv": [10.5, 0, 14.25, 0.5], "texture": "#0"},
				"down": {"uv": [10.5, 0, 14.25, 0.5], "texture": "#0"}
			}
		},
		{
			"from": [12.75, -5.375, 7.875],
			"to": [13.0625, -4.875, 8.125],
			"faces": {
				"north": {"uv": [0, 0, 3.75, 0.875], "texture": "#0"},
				"east": {"uv": [0, 0, 0.5, 0.875], "texture": "#0"},
				"south": {"uv": [0, 0, 3.75, 0.875], "texture": "#0"},
				"west": {"uv": [0, 0, 0.5, 0.875], "texture": "#0"},
				"up": {"uv": [0, 0, 3.75, 0.5], "texture": "#0"},
				"down": {"uv": [0, 0, 3.75, 0.5], "texture": "#0"}
			}
		},
		{
			"from": [12.5, -5.5, 7.9375],
			"to": [13.1875, -4.75, 8.0625],
			"faces": {
				"north": {"uv": [10.5, 0, 14.25, 0.875], "texture": "#0"},
				"east": {"uv": [10.5, 0, 11, 0.875], "texture": "#0"},
				"south": {"uv": [10.5, 0, 14.25, 0.875], "texture": "#0"},
				"west": {"uv": [10.5, 0, 11, 0.875], "texture": "#0"},
				"up": {"uv": [10.5, 0, 14.25, 0.5], "texture": "#0"},
				"down": {"uv": [10.5, 0, 14.25, 0.5], "texture": "#0"}
			}
		},
		{
			"from": [13.0625, -5.25, 7.875],
			"to": [13.375, -5, 8.125],
			"faces": {
				"north": {"uv": [0, 0, 3.75, 0.875], "texture": "#0"},
				"east": {"uv": [0, 0, 0.5, 0.875], "texture": "#0"},
				"south": {"uv": [0, 0, 3.75, 0.875], "texture": "#0"},
				"west": {"uv": [0, 0, 0.5, 0.875], "texture": "#0"},
				"up": {"uv": [0, 0, 3.75, 0.5], "texture": "#0"},
				"down": {"uv": [0, 0, 3.75, 0.5], "texture": "#0"}
			}
		},
		{
			"from": [13.1875, -5.3125, 7.9375],
			"to": [13.5, -4.9375, 8.0625],
			"faces": {
				"north": {"uv": [10.5, 0, 14.25, 0.875], "texture": "#0"},
				"east": {"uv": [10.5, 0, 11, 0.875], "texture": "#0"},
				"south": {"uv": [10.5, 0, 14.25, 0.875], "texture": "#0"},
				"west": {"uv": [10.5, 0, 11, 0.875], "texture": "#0"},
				"up": {"uv": [10.5, 0, 14.25, 0.5], "texture": "#0"},
				"down": {"uv": [10.5, 0, 14.25, 0.5], "texture": "#0"}
			}
		},
		{
			"from": [2.625, -5.25, 7.875],
			"to": [2.9375, -5, 8.125],
			"faces": {
				"north": {"uv": [0, 0, 3.75, 0.875], "texture": "#0"},
				"east": {"uv": [0, 0, 0.5, 0.875], "texture": "#0"},
				"south": {"uv": [0, 0, 3.75, 0.875], "texture": "#0"},
				"west": {"uv": [0, 0, 0.5, 0.875], "texture": "#0"},
				"up": {"uv": [0, 0, 3.75, 0.5], "texture": "#0"},
				"down": {"uv": [0, 0, 3.75, 0.5], "texture": "#0"}
			}
		},
		{
			"from": [2.5, -5.3125, 7.9375],
			"to": [2.8125, -4.9375, 8.0625],
			"faces": {
				"north": {"uv": [10.5, 0, 14.25, 0.875], "texture": "#0"},
				"east": {"uv": [10.5, 0, 11, 0.875], "texture": "#0"},
				"south": {"uv": [10.5, 0, 14.25, 0.875], "texture": "#0"},
				"west": {"uv": [10.5, 0, 11, 0.875], "texture": "#0"},
				"up": {"uv": [10.5, 0, 14.25, 0.5], "texture": "#0"},
				"down": {"uv": [10.5, 0, 14.25, 0.5], "texture": "#0"}
			}
		},
		{
			"from": [7.675, 24.54363, 7.7],
			"to": [9.125, 25.99363, 8.3],
			"rotation": {"angle": 45, "axis": "z", "origin": [8, 24.86863, 8]},
			"faces": {
				"north": {"uv": [0, 0, 1.2, 1.2], "rotation": 270, "texture": "#0"},
				"east": {"uv": [0, 0, 1.2, 0.6], "rotation": 90, "texture": "#0"},
				"south": {"uv": [0, 0, 1.2, 1.2], "rotation": 90, "texture": "#0"},
				"west": {"uv": [0, 0, 1.2, 0.6], "rotation": 90, "texture": "#0"},
				"up": {"uv": [0, 0, 0.6, 1.2], "rotation": 90, "texture": "#0"},
				"down": {"uv": [0, 0, 0.6, 1.2], "rotation": 90, "texture": "#0"}
			}
		},
		{
			"from": [7.475, 24.40613, 7.85],
			"to": [9.325, 26.25613, 8.15],
			"rotation": {"angle": 45, "axis": "z", "origin": [8, 24.93113, 8]},
			"faces": {
				"north": {"uv": [10.5, 0, 12.1, 1.6], "rotation": 270, "texture": "#0"},
				"east": {"uv": [10.5, 0, 12.1, 0.3], "rotation": 90, "texture": "#0"},
				"south": {"uv": [10.5, 0, 12.1, 1.6], "rotation": 90, "texture": "#0"},
				"west": {"uv": [10.5, 0, 12.1, 0.3], "rotation": 90, "texture": "#0"},
				"up": {"uv": [10.5, 0, 10.8, 1.6], "rotation": 90, "texture": "#0"},
				"down": {"uv": [10.5, 0, 10.8, 1.6], "rotation": 90, "texture": "#0"}
			}
		},
		{
			"from": [7.23438, 10.82187, 7.7],
			"to": [8.76563, 19.01563, 8.3],
			"rotation": {"angle": 0, "axis": "y", "origin": [0, -10.775, 0]},
			"faces": {
				"north": {"uv": [0, 0, 1, 14.5], "texture": "#0"},
				"east": {"uv": [2, 0, 2.5, 14.5], "texture": "#0"},
				"south": {"uv": [1, 0, 2, 14.5], "texture": "#0"},
				"west": {"uv": [2.5, 0, 3, 14.5], "texture": "#0"},
				"up": {"uv": [4, 0.5, 3, 0], "texture": "#0"},
				"down": {"uv": [4, 0.5, 3, 1], "texture": "#0"}
			}
		},
		{
			"from": [6.99687, 10.78438, 7.85],
			"to": [9.00313, 19.10312, 8.15],
			"rotation": {"angle": 0, "axis": "y", "origin": [0, -10.875, 0]},
			"faces": {
				"north": {"uv": [10.5, 0, 12, 14.5], "texture": "#0"},
				"east": {"uv": [13.5, 0, 14, 14.5], "texture": "#0"},
				"south": {"uv": [12, 0, 13.5, 14.5], "texture": "#0"},
				"west": {"uv": [14, 0, 14.5, 14.5], "texture": "#0"},
				"up": {"uv": [16, 0.5, 14.5, 0], "texture": "#0"},
				"down": {"uv": [16, 0.5, 14.5, 1], "texture": "#0"}
			}
		},
		{
			"from": [7.52812, -3.4125, 7.5],
			"to": [8.47188, -3.10313, 8.5],
			"rotation": {"angle": 0, "axis": "y", "origin": [0, -10, 0]},
			"faces": {
				"north": {"uv": [0, 0, 0.3, 0.35], "texture": "#0"},
				"east": {"uv": [0, 0, 0.5, 0.35], "texture": "#0"},
				"south": {"uv": [0, 0, 0.3, 0.35], "texture": "#0"},
				"west": {"uv": [0, 0, 0.5, 0.35], "texture": "#0"},
				"up": {"uv": [0, 0, 0.3, 0.5], "texture": "#0"},
				"down": {"uv": [0, 0, 0.3, 0.5], "texture": "#0"}
			}
		},
		{
			"from": [7.21875, -3.15937, 7.5],
			"to": [8.78125, -2.84687, 8.5],
			"rotation": {"angle": 0, "axis": "y", "origin": [0, -9.76562, 0]},
			"faces": {
				"north": {"uv": [0, 0, 0.5, 0.875], "texture": "#0"},
				"east": {"uv": [0, 0, 0.5, 0.875], "texture": "#0"},
				"south": {"uv": [0, 0, 0.5, 0.875], "texture": "#0"},
				"west": {"uv": [0, 0, 0.5, 0.875], "texture": "#0"},
				"up": {"uv": [0, 0, 0.5, 0.5], "texture": "#0"},
				"down": {"uv": [0, 0, 0.5, 0.5], "texture": "#0"}
			}
		},
		{
			"from": [7.59062, -2.89687, 7.5],
			"to": [8.40938, -1.72813, 8.5],
			"rotation": {"angle": 0, "axis": "y", "origin": [0, -9.5, 0]},
			"faces": {
				"north": {"uv": [0, 0, 0.3, 0.35], "texture": "#0"},
				"east": {"uv": [0, 0, 0.5, 0.35], "texture": "#0"},
				"south": {"uv": [0, 0, 0.3, 0.35], "texture": "#0"},
				"west": {"uv": [0, 0, 0.5, 0.35], "texture": "#0"},
				"up": {"uv": [0, 0, 0.3, 0.5], "texture": "#0"},
				"down": {"uv": [0, 0, 0.3, 0.5], "texture": "#0"}
			}
		},
		{
			"from": [7.26563, -4.54687, 7.6875],
			"to": [8.73438, -3.07812, 8.3125],
			"rotation": {"angle": -45, "axis": "z", "origin": [8, -3.8125, 8]},
			"faces": {
				"north": {"uv": [0, 0, 1.46875, 1.46875], "texture": "#0"},
				"east": {"uv": [0, 0, 0.625, 1.46875], "texture": "#0"},
				"south": {"uv": [0, 0, 1.46875, 1.46875], "texture": "#0"},
				"west": {"uv": [0, 0, 0.625, 1.46875], "texture": "#0"},
				"up": {"uv": [0, 0, 1.46875, 0.625], "texture": "#0"},
				"down": {"uv": [0, 0, 1.46875, 0.625], "texture": "#0"}
			}
		},
		{
			"from": [7.14063, -4.67187, 7.875],
			"to": [8.85938, -2.95312, 8.125],
			"rotation": {"angle": -45, "axis": "z", "origin": [8, -3.8125, 8]},
			"faces": {
				"north": {"uv": [14, 14, 15.71875, 15.71875], "texture": "#0"},
				"east": {"uv": [14, 14, 14.25, 15.71875], "texture": "#0"},
				"south": {"uv": [14, 14, 15.71875, 15.71875], "texture": "#0"},
				"west": {"uv": [14, 14, 14.25, 15.71875], "texture": "#0"},
				"up": {"uv": [14, 14, 15.71875, 14.25], "texture": "#0"},
				"down": {"uv": [14, 14, 15.71875, 14.25], "texture": "#0"}
			}
		},
		{
			"from": [6.95313, -3.81875, 7.68438],
			"to": [9.04688, -2.46875, 8.31563],
			"rotation": {"angle": 0, "axis": "y", "origin": [8, -3.1125, 8]},
			"faces": {
				"north": {"uv": [0, 0, 1, 14.5], "texture": "#0"},
				"east": {"uv": [2, 0, 2.5, 14.5], "texture": "#0"},
				"south": {"uv": [1, 0, 2, 14.5], "texture": "#0"},
				"west": {"uv": [2.5, 0, 3, 14.5], "texture": "#0"},
				"up": {"uv": [4, 0.5, 3, 0], "texture": "#0"},
				"down": {"uv": [4, 0.5, 3, 1], "texture": "#0"}
			}
		},
		{
			"from": [6.77812, -3.80937, 7.85],
			"to": [9.22188, -2.45938, 8.15],
			"rotation": {"angle": 0, "axis": "y", "origin": [0, -25.21875, 0]},
			"faces": {
				"north": {"uv": [10.5, 0, 12, 14.5], "texture": "#0"},
				"east": {"uv": [13.5, 0, 14, 14.5], "texture": "#0"},
				"south": {"uv": [12, 0, 13.5, 14.5], "texture": "#0"},
				"west": {"uv": [14, 0, 14.5, 14.5], "texture": "#0"},
				"up": {"uv": [16, 0.5, 14.5, 0], "texture": "#0"},
				"down": {"uv": [16, 0.5, 14.5, 1], "texture": "#0"}
			}
		},
		{
			"from": [7.14063, -3.3125, 7.875],
			"to": [8.85938, -1.59375, 8.125],
			"rotation": {"angle": -45, "axis": "z", "origin": [8, -2.45312, 8]},
			"faces": {
				"north": {"uv": [10.5, 0, 12.21875, 1.71875], "texture": "#0"},
				"east": {"uv": [10.5, 0, 10.75, 1.71875], "texture": "#0"},
				"south": {"uv": [10.5, 0, 12.21875, 1.71875], "texture": "#0"},
				"west": {"uv": [10.5, 0, 10.75, 1.71875], "texture": "#0"},
				"up": {"uv": [10.5, 0, 12.21875, 0.25], "texture": "#0"},
				"down": {"uv": [10.5, 0, 12.21875, 0.25], "texture": "#0"}
			}
		},
		{
			"from": [7.26563, -3.20312, 7.6875],
			"to": [8.73438, -1.73437, 8.3125],
			"rotation": {"angle": -45, "axis": "z", "origin": [8, -2.46875, 8]},
			"faces": {
				"north": {"uv": [0, 0, 1.46875, 1.46875], "texture": "#0"},
				"east": {"uv": [0, 0, 0.625, 1.46875], "texture": "#0"},
				"south": {"uv": [0, 0, 1.46875, 1.46875], "texture": "#0"},
				"west": {"uv": [0, 0, 0.625, 1.46875], "texture": "#0"},
				"up": {"uv": [0, 0, 1.46875, 0.625], "texture": "#0"},
				"down": {"uv": [0, 0, 1.46875, 0.625], "texture": "#0"}
			}
		},
		{
			"from": [6.80937, -1.075, 7.85],
			"to": [9.19063, 11.32187, 8.15],
			"rotation": {"angle": 0, "axis": "y", "origin": [0, -22.54687, 0]},
			"faces": {
				"north": {"uv": [10.5, 0, 12, 14.5], "texture": "#0"},
				"east": {"uv": [13.5, 0, 14, 14.5], "texture": "#0"},
				"south": {"uv": [12, 0, 13.5, 14.5], "texture": "#0"},
				"west": {"uv": [14, 0, 14.5, 14.5], "texture": "#0"},
				"up": {"uv": [16, 0.5, 14.5, 0], "texture": "#0"},
				"down": {"uv": [16, 0.5, 14.5, 1], "texture": "#0"}
			}
		},
		{
			"from": [6.98438, -1.08438, 7.68438],
			"to": [9.01563, 10.98438, 8.31563],
			"rotation": {"angle": 0, "axis": "y", "origin": [8, -0.44063, 8]},
			"faces": {
				"north": {"uv": [0, 0, 1, 14.5], "texture": "#0"},
				"east": {"uv": [2, 0, 2.5, 14.5], "texture": "#0"},
				"south": {"uv": [1, 0, 2, 14.5], "texture": "#0"},
				"west": {"uv": [2.5, 0, 3, 14.5], "texture": "#0"},
				"up": {"uv": [4, 0.5, 3, 0], "texture": "#0"},
				"down": {"uv": [4, 0.5, 3, 1], "texture": "#0"}
			}
		},
		{
			"from": [7.15625, -1.92187, 7.875],
			"to": [8.84375, -0.23437, 8.125],
			"rotation": {"angle": -45, "axis": "z", "origin": [8, -1.07812, 8]},
			"faces": {
				"north": {"uv": [10.5, 0, 12.1875, 1.6875], "texture": "#0"},
				"east": {"uv": [10.5, 0, 10.75, 1.6875], "texture": "#0"},
				"south": {"uv": [10.5, 0, 12.1875, 1.6875], "texture": "#0"},
				"west": {"uv": [10.5, 0, 10.75, 1.6875], "texture": "#0"},
				"up": {"uv": [10.5, 0, 12.1875, 0.25], "texture": "#0"},
				"down": {"uv": [10.5, 0, 12.1875, 0.25], "texture": "#0"}
			}
		},
		{
			"from": [7.28125, -1.79687, 7.6875],
			"to": [8.71875, -0.35937, 8.3125],
			"rotation": {"angle": -45, "axis": "z", "origin": [8, -1.07812, 8]},
			"faces": {
				"north": {"uv": [0, 0, 1.4375, 1.4375], "texture": "#0"},
				"east": {"uv": [0, 0, 0.625, 1.4375], "texture": "#0"},
				"south": {"uv": [0, 0, 1.4375, 1.4375], "texture": "#0"},
				"west": {"uv": [0, 0, 0.625, 1.4375], "texture": "#0"},
				"up": {"uv": [0, 0, 1.4375, 0.625], "texture": "#0"},
				"down": {"uv": [0, 0, 1.4375, 0.625], "texture": "#0"}
			}
		},
		{
			"from": [7.12187, -2.40312, 7.85],
			"to": [8.87813, -0.70938, 8.15],
			"rotation": {"angle": 0, "axis": "y", "origin": [0, -31.75, 0]},
			"faces": {
				"north": {"uv": [10.5, 0, 12, 14.5], "texture": "#0"},
				"east": {"uv": [13.5, 0, 14, 14.5], "texture": "#0"},
				"south": {"uv": [12, 0, 13.5, 14.5], "texture": "#0"},
				"west": {"uv": [14, 0, 14.5, 14.5], "texture": "#0"},
				"up": {"uv": [16, 0.5, 14.5, 0], "texture": "#0"},
				"down": {"uv": [16, 0.5, 14.5, 1], "texture": "#0"}
			}
		},
		{
			"from": [7.25, -2.475, 7.7],
			"to": [8.75, -0.4375, 8.3],
			"rotation": {"angle": 0, "axis": "y", "origin": [0, -31.65, 0]},
			"faces": {
				"north": {"uv": [0, 0, 1, 14.5], "texture": "#0"},
				"east": {"uv": [2, 0, 2.5, 14.5], "texture": "#0"},
				"south": {"uv": [1, 0, 2, 14.5], "texture": "#0"},
				"west": {"uv": [2.5, 0, 3, 14.5], "texture": "#0"},
				"up": {"uv": [4, 0.5, 3, 0], "texture": "#0"},
				"down": {"uv": [4, 0.5, 3, 1], "texture": "#0"}
			}
		},
		{
			"from": [7.91563, -1.11875, 7.51563],
			"to": [8.08438, 2.43125, 8.48438],
			"rotation": {"angle": 0, "axis": "y", "origin": [0, -9.15625, 0]},
			"faces": {
				"north": {"uv": [12, 10, 13, 13], "texture": "#0"},
				"east": {"uv": [13, 10, 14, 13], "texture": "#0"},
				"south": {"uv": [14, 10, 15, 13], "texture": "#0"},
				"west": {"uv": [12, 13, 13, 16], "texture": "#0"},
				"up": {"uv": [16, 11, 15, 10], "texture": "#0"},
				"down": {"uv": [14, 13, 13, 14], "texture": "#0"}
			}
		},
		{
			"from": [7.6, 24.10926, 7.85],
			"to": [9.2, 25.70926, 8.15],
			"rotation": {"angle": 45, "axis": "z", "origin": [8, 24.50926, 8]},
			"faces": {
				"north": {"uv": [10.5, 0, 12.1, 1.6], "rotation": 270, "texture": "#0"},
				"east": {"uv": [10.5, 0, 12.1, 0.3], "rotation": 90, "texture": "#0"},
				"south": {"uv": [10.5, 0, 12.1, 1.6], "rotation": 90, "texture": "#0"},
				"west": {"uv": [10.5, 0, 12.1, 0.3], "rotation": 90, "texture": "#0"},
				"up": {"uv": [10.5, 0, 10.8, 1.6], "rotation": 90, "texture": "#0"},
				"down": {"uv": [10.5, 0, 10.8, 1.6], "rotation": 90, "texture": "#0"}
			}
		}
	],
	"display": {
		"thirdperson_righthand": {
			"rotation": [0, -90, 0],
			"translation": [0, 10.5, 0.75],
			"scale": [0.7, 0.7, 0.7]
		},
		"thirdperson_lefthand": {
			"rotation": [0, -90, 0],
			"translation": [0, 10.5, 0.75],
			"scale": [0.7, 0.7, 0.7]
		},
		"firstperson_righthand": {
			"rotation": [0, 90, 0],
			"translation": [2.5, 9.75, 0.75],
			"scale": [0.7, 0.7, 0.7]
		},
		"firstperson_lefthand": {
			"rotation": [0, -90, 0],
			"translation": [2.5, 9.75, 0.75],
			"scale": [0.7, 0.7, 0.7]
		},
		"ground": {
			"rotation": [-65, -59, -180],
			"translation": [0, 2, 0],
			"scale": [0.7, 0.7, 0.7]
		},
		"gui": {
			"rotation": [-37, -15, -48],
			"translation": [1, 0, -4.75]
		},
		"fixed": {
			"rotation": [0, -180, -45],
			"translation": [-1, 0.75, -4.75],
			"scale": [1.2, 1.2, 1.2]
		}
	}
}