{
	"credit": "Made with Blockbench",
	"textures": {
		"0": "epicaddon:item/dragon_shit_crystal",
		"particle": "epicaddon:item/dragon_shit_crystal"
	},
	"elements": [
		{
			"from": [7.5, -0.25, 7.5],
			"to": [8.5, 6, 8.5],
			"faces": {
				"north": {"uv": [11.27778, 0, 12.88889, 15.25], "texture": "#0"},
				"east": {"uv": [9.66667, 0, 11.27778, 15.25], "texture": "#0"},
				"south": {"uv": [6.44444, 0, 8.05556, 15.25], "texture": "#0"},
				"west": {"uv": [8.05556, 0, 9.66667, 15.25], "texture": "#0"},
				"up": {"uv": [12.88889, 2.44, 14.5, 4.88], "texture": "#0"},
				"down": {"uv": [12.88889, 0, 14.5, 2.44], "texture": "#0"}
			}
		},
		{
			"from": [7.09375, 0.0625, 7],
			"to": [8.95313, 1.25, 9],
			"faces": {
				"north": {"uv": [0, 0, 2.99566, 2.8975], "texture": "#0"},
				"east": {"uv": [0, 0, 3.22222, 2.8975], "texture": "#0"},
				"south": {"uv": [0, 0, 2.99566, 2.8975], "texture": "#0"},
				"west": {"uv": [0, 0, 3.22222, 2.8975], "texture": "#0"},
				"up": {"uv": [0, 0, 2.99566, 4.88], "texture": "#0"},
				"down": {"uv": [0, 0, 2.99566, 4.88], "texture": "#0"}
			}
		},
		{
			"from": [7.5, -2.92043, 8.7025],
			"to": [8.5, 0.07957, 9.7025],
			"rotation": {"angle": -22.5, "axis": "x", "origin": [0, -5.75, -1.25]},
			"faces": {
				"north": {"uv": [0, 0, 1.61111, 7.32], "texture": "#0"},
				"east": {"uv": [0, 0, 1.61111, 7.32], "texture": "#0"},
				"south": {"uv": [0, 0, 1.61111, 7.32], "texture": "#0"},
				"west": {"uv": [0, 0, 1.61111, 7.32], "texture": "#0"},
				"up": {"uv": [0, 0, 1.61111, 2.44], "texture": "#0"},
				"down": {"uv": [0, 0, 1.61111, 2.44], "texture": "#0"}
			}
		},
		{
			"from": [6.25, 0.25, 7.5],
			"to": [7.25, 4, 8.5],
			"rotation": {"angle": 22.5, "axis": "z", "origin": [6.75, 2.125, 8]},
			"faces": {
				"north": {"uv": [0, 0, 1.61111, 9.15], "texture": "#0"},
				"east": {"uv": [0, 0, 1.61111, 9.15], "texture": "#0"},
				"south": {"uv": [0, 0, 1.61111, 9.15], "texture": "#0"},
				"west": {"uv": [0, 0, 1.61111, 9.15], "texture": "#0"},
				"up": {"uv": [0, 0, 1.61111, 2.44], "texture": "#0"},
				"down": {"uv": [0, 0, 1.61111, 2.44], "texture": "#0"}
			}
		},
		{
			"from": [6.75, 1, 6.75],
			"to": [8.25, 4.75, 7.75],
			"rotation": {"angle": -22.5, "axis": "y", "origin": [7.5, 2.875, 7.25]},
			"faces": {
				"north": {"uv": [0, 0, 2.41667, 9.15], "texture": "#0"},
				"east": {"uv": [0, 0, 1.61111, 9.15], "texture": "#0"},
				"south": {"uv": [0, 0, 2.41667, 9.15], "texture": "#0"},
				"west": {"uv": [0, 0, 1.61111, 9.15], "texture": "#0"},
				"up": {"uv": [0, 0, 2.41667, 2.44], "texture": "#0"},
				"down": {"uv": [0, 0, 2.41667, 2.44], "texture": "#0"}
			}
		},
		{
			"from": [8.25, 1.25, 7.5],
			"to": [9.25, 4.5, 8.5],
			"rotation": {"angle": -22.5, "axis": "z", "origin": [8.25, 1.25, 7.5]},
			"faces": {
				"north": {"uv": [0, 0, 1.61111, 7.93], "texture": "#0"},
				"east": {"uv": [0, 0, 1.61111, 7.93], "texture": "#0"},
				"south": {"uv": [0, 0, 1.61111, 7.93], "texture": "#0"},
				"west": {"uv": [0, 0, 1.61111, 7.93], "texture": "#0"},
				"up": {"uv": [0, 0, 1.61111, 2.44], "texture": "#0"},
				"down": {"uv": [0, 0, 1.61111, 2.44], "texture": "#0"}
			}
		},
		{
			"from": [8, 1, 7],
			"to": [9, 3.89063, 8.28125],
			"rotation": {"angle": 22.5, "axis": "y", "origin": [8.5, 2.44531, 7.5]},
			"faces": {
				"north": {"uv": [0, 0, 1.61111, 7.05313], "texture": "#0"},
				"east": {"uv": [0, 0, 2.06424, 7.05313], "texture": "#0"},
				"south": {"uv": [0, 0, 1.61111, 7.05313], "texture": "#0"},
				"west": {"uv": [0, 0, 2.06424, 7.05313], "texture": "#0"},
				"up": {"uv": [0, 0, 1.61111, 3.12625], "texture": "#0"},
				"down": {"uv": [0, 0, 1.61111, 3.12625], "texture": "#0"}
			}
		},
		{
			"from": [7.125, 1, 7.5],
			"to": [8.75, 4.21875, 8.5],
			"rotation": {"angle": -45, "axis": "y", "origin": [7.25, 1, 7.5]},
			"faces": {
				"north": {"uv": [0, 0, 2.61806, 7.85375], "texture": "#0"},
				"east": {"uv": [0, 0, 1.61111, 7.85375], "texture": "#0"},
				"south": {"uv": [0, 0, 2.61806, 7.85375], "texture": "#0"},
				"west": {"uv": [0, 0, 1.61111, 7.85375], "texture": "#0"},
				"up": {"uv": [0, 0, 2.61806, 2.44], "texture": "#0"},
				"down": {"uv": [0, 0, 2.61806, 2.44], "texture": "#0"}
			}
		},
		{
			"from": [7.25, 0.75, 8.5],
			"to": [8.25, 5.25, 9.5],
			"rotation": {"angle": 22.5, "axis": "x", "origin": [7.75, 3, 9]},
			"faces": {
				"north": {"uv": [0, 0, 1.61111, 10.98], "texture": "#0"},
				"east": {"uv": [0, 0, 1.61111, 10.98], "texture": "#0"},
				"south": {"uv": [0, 0, 1.61111, 10.98], "texture": "#0"},
				"west": {"uv": [0, 0, 1.61111, 10.98], "texture": "#0"},
				"up": {"uv": [0, 0, 1.61111, 2.44], "texture": "#0"},
				"down": {"uv": [0, 0, 1.61111, 2.44], "texture": "#0"}
			}
		},
		{
			"from": [8.25, 1, 7.875],
			"to": [9.25, 5.32813, 8.875],
			"rotation": {"angle": -22.5, "axis": "y", "origin": [8.25, 1, 7.875]},
			"faces": {
				"north": {"uv": [0, 0, 1.61111, 10.56063], "texture": "#0"},
				"east": {"uv": [0, 0, 1.61111, 10.56063], "texture": "#0"},
				"south": {"uv": [0, 0, 1.61111, 10.56063], "texture": "#0"},
				"west": {"uv": [0, 0, 1.61111, 10.56063], "texture": "#0"},
				"up": {"uv": [0, 0, 1.61111, 2.44], "texture": "#0"},
				"down": {"uv": [0, 0, 1.61111, 2.44], "texture": "#0"}
			}
		},
		{
			"from": [7.02344, 0.5625, 7.07031],
			"to": [9.02344, 1.75, 8.92969],
			"rotation": {"angle": 22.5, "axis": "y", "origin": [8.02344, 1.15625, 8]},
			"faces": {
				"north": {"uv": [3.22222, 0, 6.44444, 2.44], "texture": "#0"},
				"east": {"uv": [3.22222, 2.44, 6.44444, 4.88], "texture": "#0"},
				"south": {"uv": [3.22222, 4.88, 6.44444, 7.32], "texture": "#0"},
				"west": {"uv": [3.22222, 7.32, 6.44444, 9.76], "texture": "#0"},
				"up": {"uv": [3.22222, 4.88, 0, 0], "texture": "#0"},
				"down": {"uv": [3.22222, 4.88, 0, 9.76], "texture": "#0"}
			}
		}
	],
	"display": {
		"thirdperson_righthand": {
			"translation": [0, 6, -0.75]
		},
		"thirdperson_lefthand": {
			"translation": [0, 6, -0.75]
		},
		"firstperson_righthand": {
			"translation": [2.75, 8.25, 0.25]
		},
		"firstperson_lefthand": {
			"translation": [2.75, 8.25, 0.25]
		},
		"ground": {
			"translation": [0, 9.75, 0],
			"scale": [1.5, 1.5, 1.5]
		},
		"gui": {
			"rotation": [14, 43, 24],
			"translation": [-4, 12.5, -5.75],
			"scale": [2.9, 2.9, 2.9]
		},
		"head": {
			"translation": [0, 13.75, 0]
		},
		"fixed": {
			"rotation": [-6, -44, 0],
			"translation": [0, 14.75, -5.75],
			"scale": [2.7, 2.7, 2.7]
		}
	}
}