{
	"credit": "Made with Blockbench",
	"ambientocclusion": false,
	"textures": {
		"0": "epicaddon:item/elucidator_1",
		"1": "epicaddon:item/elucidator_2",
		"2": "epicaddon:item/elucidator_3",
		"particle": "epicaddon:item/elucidator_1"
	},
	"elements": [
		{
			"from": [7.6, -15.7, 7.6],
			"to": [8.4, -6.2, 8.4],
			"rotation": {"angle": 0, "axis": "y", "origin": [0, -10.2, 0]},
			"faces": {
				"north": {"uv": [0, 0, 0.8, 9.5], "texture": "#1"},
				"east": {"uv": [0, 0, 0.8, 9.5], "texture": "#1"},
				"south": {"uv": [0, 0, 0.8, 9.5], "texture": "#1"},
				"west": {"uv": [0, 0, 0.8, 9.5], "texture": "#1"},
				"up": {"uv": [0, 0, 0.8, 0.8], "texture": "#1"},
				"down": {"uv": [0, 0, 0.8, 0.8], "texture": "#1"}
			}
		},
		{
			"from": [7.35, -15.25, 7.35],
			"to": [8.65, -14.7, 8.65],
			"rotation": {"angle": 0, "axis": "y", "origin": [0, -10, 0]},
			"faces": {
				"north": {"uv": [14.7, 15.45, 16, 16], "texture": "#0"},
				"east": {"uv": [14.7, 15.45, 16, 16], "texture": "#0"},
				"south": {"uv": [14.7, 15.45, 16, 16], "texture": "#0"},
				"west": {"uv": [14.7, 15.45, 16, 16], "texture": "#0"},
				"up": {"uv": [14.7, 14.7, 16, 16], "texture": "#0"},
				"down": {"uv": [14.7, 13.5, 16, 14.8], "texture": "#0"}
			}
		},
		{
			"from": [7.5, -6.7, 7.5],
			"to": [8.5, -6.4, 8.5],
			"rotation": {"angle": 0, "axis": "y", "origin": [0, -10.2, 0]},
			"faces": {
				"north": {"uv": [15, 15, 16, 15.3], "texture": "#0"},
				"east": {"uv": [15, 15, 16, 15.3], "texture": "#0"},
				"south": {"uv": [15, 15, 16, 15.3], "texture": "#0"},
				"west": {"uv": [15, 15, 16, 15.3], "texture": "#0"},
				"up": {"uv": [15, 15, 16, 16], "texture": "#0"},
				"down": {"uv": [15, 15, 16, 16], "texture": "#0"}
			}
		},
		{
			"from": [6.8, -6.2, 7.5],
			"to": [12, -4.95, 8.5],
			"rotation": {"angle": 0, "axis": "y", "origin": [0.5, -10.2, 0]},
			"faces": {
				"north": {"uv": [0, 0, 5.2, 1.25], "texture": "#1"},
				"east": {"uv": [0, 0, 1, 1.25], "texture": "#1"},
				"south": {"uv": [0, 0, 5.2, 1.25], "texture": "#1"},
				"west": {"uv": [0, 0, 1, 1.25], "texture": "#1"},
				"up": {"uv": [0, 0, 5.2, 1], "texture": "#1"},
				"down": {"uv": [0, 0, 5.2, 1], "texture": "#1"}
			}
		},
		{
			"from": [11.75, -6.2, 7.6],
			"to": [12.6, -5.35, 8.4],
			"rotation": {"angle": -45, "axis": "z", "origin": [12.375, -5.575, 8]},
			"faces": {
				"north": {"uv": [0, 0, 0.85, 0.85], "texture": "#1"},
				"east": {"uv": [0, 0, 0.8, 0.85], "texture": "#1"},
				"south": {"uv": [0, 0, 0.85, 0.85], "texture": "#1"},
				"west": {"uv": [0, 0, 0.8, 0.85], "texture": "#1"},
				"up": {"uv": [0, 0, 0.85, 0.8], "texture": "#1"},
				"down": {"uv": [0, 0, 0.85, 0.8], "texture": "#1"}
			}
		},
		{
			"from": [12.25, -5.7, 7.75],
			"to": [12.7, -5.25, 8.25],
			"rotation": {"angle": -45, "axis": "z", "origin": [12.375, -5.575, 8]},
			"faces": {
				"north": {"uv": [0, 0, 0.45, 0.45], "texture": "#1"},
				"east": {"uv": [0, 0, 0.5, 0.45], "texture": "#1"},
				"south": {"uv": [0, 0, 0.45, 0.45], "texture": "#1"},
				"west": {"uv": [0, 0, 0.5, 0.45], "texture": "#1"},
				"up": {"uv": [0, 0, 0.45, 0.5], "texture": "#1"},
				"down": {"uv": [0, 0, 0.45, 0.5], "texture": "#1"}
			}
		},
		{
			"from": [12.4, -5.55, 7.85],
			"to": [12.85, -5.1, 8.15],
			"rotation": {"angle": -45, "axis": "z", "origin": [12.375, -5.575, 8]},
			"faces": {
				"north": {"uv": [0, 0, 0.45, 0.45], "texture": "#1"},
				"east": {"uv": [0, 0, 0.3, 0.45], "texture": "#1"},
				"south": {"uv": [0, 0, 0.45, 0.45], "texture": "#1"},
				"west": {"uv": [0, 0, 0.3, 0.45], "texture": "#1"},
				"up": {"uv": [0, 0, 0.45, 0.3], "texture": "#1"},
				"down": {"uv": [0, 0, 0.45, 0.3], "texture": "#1"}
			}
		},
		{
			"from": [10.27678, -5.3182, 7.5],
			"to": [11.07678, -4.5182, 8.5],
			"rotation": {"angle": 45, "axis": "z", "origin": [10.67678, -5.0182, 8]},
			"faces": {
				"north": {"uv": [0, 0, 0.4, 0.4], "texture": "#1"},
				"east": {"uv": [0, 0, 0.5, 0.4], "texture": "#1"},
				"south": {"uv": [0, 0, 0.4, 0.4], "texture": "#1"},
				"west": {"uv": [0, 0, 0.5, 0.4], "texture": "#1"},
				"up": {"uv": [0, 0, 0.4, 0.5], "texture": "#1"},
				"down": {"uv": [0, 0, 0.4, 0.5], "texture": "#1"}
			}
		},
		{
			"from": [6.85, -6.1, 7.5],
			"to": [8.35, -4.6, 8.5],
			"rotation": {"angle": 45, "axis": "z", "origin": [8, -4.95, 8]},
			"faces": {
				"north": {"uv": [0, 0, 0.75, 0.75], "texture": "#1"},
				"east": {"uv": [0, 0, 0.5, 0.75], "texture": "#1"},
				"south": {"uv": [0, 0, 0.75, 0.75], "texture": "#1"},
				"west": {"uv": [0, 0, 0.5, 0.75], "texture": "#1"},
				"up": {"uv": [0, 0, 0.75, 0.5], "texture": "#1"},
				"down": {"uv": [0, 0, 0.75, 0.5], "texture": "#1"}
			}
		},
		{
			"from": [7.5, -4.7, 7.5],
			"to": [8.5, -4.05, 8.5],
			"rotation": {"angle": 0, "axis": "y", "origin": [0, -10, 0]},
			"faces": {
				"north": {"uv": [0, 0, 0.5, 0.325], "texture": "#1"},
				"east": {"uv": [0, 0, 0.5, 0.325], "texture": "#1"},
				"south": {"uv": [0, 0, 0.5, 0.325], "texture": "#1"},
				"west": {"uv": [0, 0, 0.5, 0.325], "texture": "#1"},
				"up": {"uv": [0, 0, 0.5, 0.5], "texture": "#1"},
				"down": {"uv": [0, 0, 0.5, 0.5], "texture": "#1"}
			}
		},
		{
			"from": [7.7, -4.2, 7.5],
			"to": [8.3, -3.7, 8.5],
			"rotation": {"angle": 0, "axis": "y", "origin": [0, -10, 0]},
			"faces": {
				"north": {"uv": [0, 0, 0.3, 0.25], "texture": "#1"},
				"east": {"uv": [0, 0, 0.5, 0.25], "texture": "#1"},
				"south": {"uv": [0, 0, 0.3, 0.25], "texture": "#1"},
				"west": {"uv": [0, 0, 0.5, 0.25], "texture": "#1"},
				"up": {"uv": [0, 0, 0.3, 0.5], "texture": "#1"},
				"down": {"uv": [0, 0, 0.3, 0.5], "texture": "#1"}
			}
		},
		{
			"from": [7.7, -2.1, 7.5],
			"to": [8.3, -1.4, 8.5],
			"rotation": {"angle": 0, "axis": "y", "origin": [0, -10, 0]},
			"faces": {
				"north": {"uv": [0, 0, 0.3, 0.35], "texture": "#1"},
				"east": {"uv": [0, 0, 0.5, 0.35], "texture": "#1"},
				"south": {"uv": [0, 0, 0.3, 0.35], "texture": "#1"},
				"west": {"uv": [0, 0, 0.5, 0.35], "texture": "#1"},
				"up": {"uv": [0, 0, 0.3, 0.5], "texture": "#1"},
				"down": {"uv": [0, 0, 0.3, 0.5], "texture": "#1"}
			}
		},
		{
			"from": [7.5, -3.8, 7.5],
			"to": [8.5, -2.05, 8.5],
			"rotation": {"angle": 0, "axis": "y", "origin": [0, -10, 0]},
			"faces": {
				"north": {"uv": [0, 0, 0.5, 0.875], "texture": "#1"},
				"east": {"uv": [0, 0, 0.5, 0.875], "texture": "#1"},
				"south": {"uv": [0, 0, 0.5, 0.875], "texture": "#1"},
				"west": {"uv": [0, 0, 0.5, 0.875], "texture": "#1"},
				"up": {"uv": [0, 0, 0.5, 0.5], "texture": "#1"},
				"down": {"uv": [0, 0, 0.5, 0.5], "texture": "#1"}
			}
		},
		{
			"from": [7.9, -1.4, 7.5],
			"to": [8.1, -1.1, 8.5],
			"rotation": {"angle": 0, "axis": "y", "origin": [0, -10, 0]},
			"faces": {
				"north": {"uv": [0, 0, 0.1, 0.15], "texture": "#1"},
				"east": {"uv": [0, 0, 0.5, 0.15], "texture": "#1"},
				"south": {"uv": [0, 0, 0.1, 0.15], "texture": "#1"},
				"west": {"uv": [0, 0, 0.5, 0.15], "texture": "#1"},
				"up": {"uv": [0, 0, 0.1, 0.5], "texture": "#1"},
				"down": {"uv": [0, 0, 0.1, 0.5], "texture": "#1"}
			}
		},
		{
			"from": [7, -2.6, 7.7],
			"to": [9, 26.5, 8.3],
			"rotation": {"angle": 0, "axis": "y", "origin": [0, -9.9, 0]},
			"faces": {
				"north": {"uv": [0, 0, 1, 14.5], "texture": "#1"},
				"east": {"uv": [2, 0, 2.5, 14.5], "texture": "#1"},
				"south": {"uv": [1, 0, 2, 14.5], "texture": "#1"},
				"west": {"uv": [2.5, 0, 3, 14.5], "texture": "#1"},
				"up": {"uv": [4, 0.5, 3, 0], "texture": "#1"},
				"down": {"uv": [4, 0.5, 3, 1], "texture": "#1"}
			}
		},
		{
			"from": [6.7, -2.7, 7.85],
			"to": [9.3, 26.4, 8.15],
			"rotation": {"angle": 0, "axis": "y", "origin": [0, -10, 0]},
			"faces": {
				"north": {"uv": [0, 0, 1.5, 14.5], "texture": "#0"},
				"east": {"uv": [3, 0, 3.5, 14.5], "texture": "#0"},
				"south": {"uv": [1.5, 0, 3, 14.5], "texture": "#0"},
				"west": {"uv": [3.5, 0, 4, 14.5], "texture": "#0"},
				"up": {"uv": [5.5, 0.5, 4, 0], "texture": "#0"},
				"down": {"uv": [5.5, 0.5, 4, 1], "texture": "#0"}
			}
		},
		{
			"from": [7.1, -5.85, 7.25],
			"to": [8.1, -4.85, 8.75],
			"rotation": {"angle": 45, "axis": "z", "origin": [8, -4.95, 8]},
			"faces": {
				"north": {"uv": [9, 9, 16, 16], "texture": "#2"},
				"east": {"uv": [0, 0, 2, 1], "texture": "#2"},
				"south": {"uv": [2, 9, 9, 16], "texture": "#2"},
				"west": {"uv": [0, 1, 2, 2], "texture": "#2"},
				"up": {"uv": [1, 4, 0, 2], "texture": "#2"},
				"down": {"uv": [3, 0, 2, 2], "texture": "#2"}
			}
		},
		{
			"from": [9.5, -3.15, 7.7],
			"to": [10.5, -2.35, 8.3],
			"rotation": {"angle": 22.5, "axis": "z", "origin": [10.8, -2.85, 8.05]},
			"faces": {
				"north": {"uv": [0, 0, 1, 0.8], "texture": "#1"},
				"east": {"uv": [0, 0, 0.6, 0.8], "texture": "#1"},
				"south": {"uv": [0, 0, 1, 0.8], "texture": "#1"},
				"west": {"uv": [0, 0, 0.6, 0.8], "texture": "#1"},
				"up": {"uv": [0, 0, 1, 0.6], "texture": "#1"},
				"down": {"uv": [0, 0, 1, 0.6], "texture": "#1"}
			}
		},
		{
			"from": [9.85, -2.9, 7.8],
			"to": [10.75, -2, 8.2],
			"rotation": {"angle": 22.5, "axis": "z", "origin": [10.8, -2.85, 8.05]},
			"faces": {
				"north": {"uv": [0, 0, 0.9, 0.9], "texture": "#1"},
				"east": {"uv": [0, 0, 0.4, 0.9], "texture": "#1"},
				"south": {"uv": [0, 0, 0.9, 0.9], "texture": "#1"},
				"west": {"uv": [0, 0, 0.4, 0.9], "texture": "#1"},
				"up": {"uv": [0, 0, 0.9, 0.4], "texture": "#1"},
				"down": {"uv": [0, 0, 0.9, 0.4], "texture": "#1"}
			}
		},
		{
			"from": [10.25, -2.5, 7.85],
			"to": [10.95, -1.8, 8.15],
			"rotation": {"angle": 22.5, "axis": "z", "origin": [10.8, -2.85, 8.05]},
			"faces": {
				"north": {"uv": [0, 0, 0.7, 0.7], "texture": "#1"},
				"east": {"uv": [0, 0, 0.3, 0.7], "texture": "#1"},
				"south": {"uv": [0, 0, 0.7, 0.7], "texture": "#1"},
				"west": {"uv": [0, 0, 0.3, 0.7], "texture": "#1"},
				"up": {"uv": [0, 0, 0.7, 0.3], "texture": "#1"},
				"down": {"uv": [0, 0, 0.7, 0.3], "texture": "#1"}
			}
		},
		{
			"from": [9.8, -4.85, 7.7],
			"to": [10.6, -3.35, 8.3],
			"rotation": {"angle": 22.5, "axis": "z", "origin": [10.3, -3.95, 8.05]},
			"faces": {
				"north": {"uv": [0, 0, 1.5, 0.8], "rotation": 270, "texture": "#1"},
				"east": {"uv": [0, 0, 1.5, 0.6], "rotation": 90, "texture": "#1"},
				"south": {"uv": [0, 0, 1.5, 0.8], "rotation": 90, "texture": "#1"},
				"west": {"uv": [0, 0, 1.5, 0.6], "rotation": 90, "texture": "#1"},
				"up": {"uv": [0, 0, 0.6, 0.8], "rotation": 90, "texture": "#1"},
				"down": {"uv": [0, 0, 0.6, 0.8], "rotation": 90, "texture": "#1"}
			}
		},
		{
			"from": [7.99766, -3.3242, 7.7],
			"to": [10.19766, -2.5242, 8.3],
			"rotation": {"angle": -22.5, "axis": "z", "origin": [9.09766, -3.0242, 8.05]},
			"faces": {
				"north": {"uv": [0, 0, 2.2, 0.8], "texture": "#1"},
				"east": {"uv": [0, 0, 0.6, 0.8], "texture": "#1"},
				"south": {"uv": [0, 0, 2.2, 0.8], "texture": "#1"},
				"west": {"uv": [0, 0, 0.6, 0.8], "texture": "#1"},
				"up": {"uv": [0, 0, 2.2, 0.6], "texture": "#1"},
				"down": {"uv": [0, 0, 2.2, 0.6], "texture": "#1"}
			}
		},
		{
			"from": [6.29766, -2.4242, 7.7],
			"to": [8.19766, -1.6242, 8.3],
			"rotation": {"angle": 22.5, "axis": "z", "origin": [9.09766, -3.0242, 8.05]},
			"faces": {
				"north": {"uv": [0, 0, 1.9, 0.8], "texture": "#1"},
				"east": {"uv": [0, 0, 0.6, 0.8], "texture": "#1"},
				"south": {"uv": [0, 0, 1.9, 0.8], "texture": "#1"},
				"west": {"uv": [0, 0, 0.6, 0.8], "texture": "#1"},
				"up": {"uv": [0, 0, 1.9, 0.6], "texture": "#1"},
				"down": {"uv": [0, 0, 1.9, 0.6], "texture": "#1"}
			}
		},
		{
			"from": [9.39766, -3.2242, 7.7],
			"to": [10.19766, -2.9242, 8.3],
			"rotation": {"angle": -45, "axis": "z", "origin": [9.09766, -3.0242, 8.05]},
			"faces": {
				"north": {"uv": [0, 0, 0.8, 0.3], "texture": "#1"},
				"east": {"uv": [0, 0, 0.6, 0.3], "texture": "#1"},
				"south": {"uv": [0, 0, 0.8, 0.3], "texture": "#1"},
				"west": {"uv": [0, 0, 0.6, 0.3], "texture": "#1"},
				"up": {"uv": [0, 0, 0.8, 0.6], "texture": "#1"},
				"down": {"uv": [0, 0, 0.8, 0.6], "texture": "#1"}
			}
		},
		{
			"from": [5.45, -3.1, 7.8],
			"to": [6.35, -2.2, 8.2],
			"rotation": {"angle": -22.5, "axis": "z", "origin": [5.8, -2.75, 8.05]},
			"faces": {
				"north": {"uv": [0, 0, 0.9, 0.9], "texture": "#1"},
				"east": {"uv": [0, 0, 0.4, 0.9], "texture": "#1"},
				"south": {"uv": [0, 0, 0.9, 0.9], "texture": "#1"},
				"west": {"uv": [0, 0, 0.4, 0.9], "texture": "#1"},
				"up": {"uv": [0, 0, 0.9, 0.4], "texture": "#1"},
				"down": {"uv": [0, 0, 0.9, 0.4], "texture": "#1"}
			}
		},
		{
			"from": [5.4, -3.75, 7.7],
			"to": [6.4, -2.75, 8.3],
			"rotation": {"angle": 45, "axis": "z", "origin": [5.9, -3.05, 8.05]},
			"faces": {
				"north": {"uv": [0, 0, 1, 1], "texture": "#1"},
				"east": {"uv": [0, 0, 0.6, 1], "texture": "#1"},
				"south": {"uv": [0, 0, 1, 1], "texture": "#1"},
				"west": {"uv": [0, 0, 0.6, 1], "texture": "#1"},
				"up": {"uv": [0, 0, 1, 0.6], "texture": "#1"},
				"down": {"uv": [0, 0, 1, 0.6], "texture": "#1"}
			}
		},
		{
			"from": [5.35, -2.5, 7.85],
			"to": [6.05, -1.8, 8.15],
			"rotation": {"angle": -22.5, "axis": "z", "origin": [5.3, -2.45, 8.05]},
			"faces": {
				"north": {"uv": [0, 0, 0.7, 0.7], "texture": "#1"},
				"east": {"uv": [0, 0, 0.3, 0.7], "texture": "#1"},
				"south": {"uv": [0, 0, 0.7, 0.7], "texture": "#1"},
				"west": {"uv": [0, 0, 0.3, 0.7], "texture": "#1"},
				"up": {"uv": [0, 0, 0.7, 0.3], "texture": "#1"},
				"down": {"uv": [0, 0, 0.7, 0.3], "texture": "#1"}
			}
		},
		{
			"from": [7.4, 25.66863, 7.7],
			"to": [8.8, 27.06863, 8.3],
			"rotation": {"angle": 45, "axis": "z", "origin": [8, 26.26863, 8]},
			"faces": {
				"north": {"uv": [0, 0, 1.4, 1.4], "rotation": 270, "texture": "#1"},
				"east": {"uv": [0, 0, 1.4, 0.6], "rotation": 90, "texture": "#1"},
				"south": {"uv": [0, 0, 1.4, 1.4], "rotation": 90, "texture": "#1"},
				"west": {"uv": [0, 0, 1.4, 0.6], "rotation": 90, "texture": "#1"},
				"up": {"uv": [0, 0, 0.6, 1.4], "rotation": 90, "texture": "#1"},
				"down": {"uv": [0, 0, 0.6, 1.4], "rotation": 90, "texture": "#1"}
			}
		},
		{
			"from": [7.8, 26.16863, 7.7],
			"to": [9, 27.36863, 8.3],
			"rotation": {"angle": 45, "axis": "z", "origin": [8, 26.36863, 8]},
			"faces": {
				"north": {"uv": [0, 0, 1.2, 1.2], "rotation": 270, "texture": "#1"},
				"east": {"uv": [0, 0, 1.2, 0.6], "rotation": 90, "texture": "#1"},
				"south": {"uv": [0, 0, 1.2, 1.2], "rotation": 90, "texture": "#1"},
				"west": {"uv": [0, 0, 1.2, 0.6], "rotation": 90, "texture": "#1"},
				"up": {"uv": [0, 0, 0.6, 1.2], "rotation": 90, "texture": "#1"},
				"down": {"uv": [0, 0, 0.6, 1.2], "rotation": 90, "texture": "#1"}
			}
		},
		{
			"from": [8.2, 26.56863, 7.7],
			"to": [9.1, 27.46863, 8.3],
			"rotation": {"angle": 45, "axis": "z", "origin": [8, 26.36863, 8]},
			"faces": {
				"north": {"uv": [0, 0, 0.9, 0.9], "rotation": 270, "texture": "#1"},
				"east": {"uv": [0, 0, 0.9, 0.6], "rotation": 90, "texture": "#1"},
				"south": {"uv": [0, 0, 0.9, 0.9], "rotation": 90, "texture": "#1"},
				"west": {"uv": [0, 0, 0.9, 0.6], "rotation": 90, "texture": "#1"},
				"up": {"uv": [0, 0, 0.6, 0.9], "rotation": 90, "texture": "#1"},
				"down": {"uv": [0, 0, 0.6, 0.9], "rotation": 90, "texture": "#1"}
			}
		},
		{
			"from": [7.2, 25.46863, 7.85],
			"to": [9, 27.26863, 8.15],
			"rotation": {"angle": 45, "axis": "z", "origin": [8, 26.26863, 8]},
			"faces": {
				"north": {"uv": [0, 0, 1.8, 1.8], "rotation": 270, "texture": "#0"},
				"east": {"uv": [0, 0, 1.8, 0.3], "rotation": 90, "texture": "#0"},
				"south": {"uv": [0, 0, 1.8, 1.8], "rotation": 90, "texture": "#0"},
				"west": {"uv": [0, 0, 1.8, 0.3], "rotation": 90, "texture": "#0"},
				"up": {"uv": [0, 0, 0.3, 1.8], "rotation": 90, "texture": "#0"},
				"down": {"uv": [0, 0, 0.3, 1.8], "rotation": 90, "texture": "#0"}
			}
		},
		{
			"from": [7.6, 25.96863, 7.85],
			"to": [9.2, 27.56863, 8.15],
			"rotation": {"angle": 45, "axis": "z", "origin": [8, 26.36863, 8]},
			"faces": {
				"north": {"uv": [0, 0, 1.6, 1.6], "rotation": 270, "texture": "#0"},
				"east": {"uv": [0, 0, 1.6, 0.3], "rotation": 90, "texture": "#0"},
				"south": {"uv": [0, 0, 1.6, 1.6], "rotation": 90, "texture": "#0"},
				"west": {"uv": [0, 0, 1.6, 0.3], "rotation": 90, "texture": "#0"},
				"up": {"uv": [0, 0, 0.3, 1.6], "rotation": 90, "texture": "#0"},
				"down": {"uv": [0, 0, 0.3, 1.6], "rotation": 90, "texture": "#0"}
			}
		},
		{
			"from": [8.2, 26.56863, 7.85],
			"to": [9.4, 27.76863, 8.15],
			"rotation": {"angle": 45, "axis": "z", "origin": [8, 26.36863, 8]},
			"faces": {
				"north": {"uv": [0, 0, 1.2, 1.2], "rotation": 270, "texture": "#0"},
				"east": {"uv": [0, 0, 1.2, 0.3], "rotation": 90, "texture": "#0"},
				"south": {"uv": [0, 0, 1.2, 1.2], "rotation": 90, "texture": "#0"},
				"west": {"uv": [0, 0, 1.2, 0.3], "rotation": 90, "texture": "#0"},
				"up": {"uv": [0, 0, 0.3, 1.2], "rotation": 90, "texture": "#0"},
				"down": {"uv": [0, 0, 0.3, 1.2], "rotation": 90, "texture": "#0"}
			}
		},
		{
			"from": [10.35, -2.4, 7.9],
			"to": [11.05, -1.7, 8.1],
			"rotation": {"angle": 22.5, "axis": "z", "origin": [10.8, -2.85, 8.05]},
			"faces": {
				"north": {"uv": [0, 0, 0.7, 0.7], "texture": "#0"},
				"east": {"uv": [0, 0, 0.2, 0.7], "texture": "#0"},
				"south": {"uv": [0, 0, 0.7, 0.7], "texture": "#0"},
				"west": {"uv": [0, 0, 0.2, 0.7], "texture": "#0"},
				"up": {"uv": [0, 0, 0.7, 0.2], "texture": "#0"},
				"down": {"uv": [0, 0, 0.7, 0.2], "texture": "#0"}
			}
		},
		{
			"from": [9.9, -2.85, 7.9],
			"to": [10.9, -1.85, 8.1],
			"rotation": {"angle": 22.5, "axis": "z", "origin": [10.8, -2.85, 8.05]},
			"faces": {
				"north": {"uv": [0, 0, 1, 1], "texture": "#0"},
				"east": {"uv": [0, 0, 0.2, 1], "texture": "#0"},
				"south": {"uv": [0, 0, 1, 1], "texture": "#0"},
				"west": {"uv": [0, 0, 0.2, 1], "texture": "#0"},
				"up": {"uv": [0, 0, 1, 0.2], "texture": "#0"},
				"down": {"uv": [0, 0, 1, 0.2], "texture": "#0"}
			}
		},
		{
			"from": [9.9, -5.15, 7.9],
			"to": [10.8, -3.35, 8.1],
			"rotation": {"angle": 22.5, "axis": "z", "origin": [10.3, -3.95, 8.05]},
			"faces": {
				"north": {"uv": [0, 0, 1.8, 0.9], "rotation": 270, "texture": "#0"},
				"east": {"uv": [0, 0, 1.8, 0.2], "rotation": 90, "texture": "#0"},
				"south": {"uv": [0, 0, 1.8, 0.9], "rotation": 90, "texture": "#0"},
				"west": {"uv": [0, 0, 1.8, 0.2], "rotation": 90, "texture": "#0"},
				"up": {"uv": [0, 0, 0.2, 0.9], "rotation": 90, "texture": "#0"},
				"down": {"uv": [0, 0, 0.2, 0.9], "rotation": 90, "texture": "#0"}
			}
		},
		{
			"from": [9.6, -3.15, 7.9],
			"to": [10.7, -2.05, 8.1],
			"rotation": {"angle": 22.5, "axis": "z", "origin": [10.8, -2.85, 8.05]},
			"faces": {
				"north": {"uv": [0, 0, 1.1, 1.1], "texture": "#0"},
				"east": {"uv": [0, 0, 0.2, 1.1], "texture": "#0"},
				"south": {"uv": [0, 0, 1.1, 1.1], "texture": "#0"},
				"west": {"uv": [0, 0, 0.2, 1.1], "texture": "#0"},
				"up": {"uv": [0, 0, 1.1, 0.2], "texture": "#0"},
				"down": {"uv": [0, 0, 1.1, 0.2], "texture": "#0"}
			}
		},
		{
			"from": [11.75, -6.2, 7.9],
			"to": [12.7, -5.25, 8.1],
			"rotation": {"angle": -45, "axis": "z", "origin": [12.375, -5.575, 8]},
			"faces": {
				"north": {"uv": [0, 0, 0.95, 0.95], "texture": "#0"},
				"east": {"uv": [0, 0, 0.2, 0.95], "texture": "#0"},
				"south": {"uv": [0, 0, 0.95, 0.95], "texture": "#0"},
				"west": {"uv": [0, 0, 0.2, 0.95], "texture": "#0"},
				"up": {"uv": [0, 0, 0.95, 0.2], "texture": "#0"},
				"down": {"uv": [0, 0, 0.95, 0.2], "texture": "#0"}
			}
		},
		{
			"from": [12.05, -5.9, 7.95],
			"to": [12.8, -5.15, 8.05],
			"rotation": {"angle": -45, "axis": "z", "origin": [12.375, -5.575, 8]},
			"faces": {
				"north": {"uv": [0, 0, 0.75, 0.75], "texture": "#0"},
				"east": {"uv": [0, 0, 0.1, 0.75], "texture": "#0"},
				"south": {"uv": [0, 0, 0.75, 0.75], "texture": "#0"},
				"west": {"uv": [0, 0, 0.1, 0.75], "texture": "#0"},
				"up": {"uv": [0, 0, 0.75, 0.1], "texture": "#0"},
				"down": {"uv": [0, 0, 0.75, 0.1], "texture": "#0"}
			}
		},
		{
			"from": [12.3, -5.65, 7.95],
			"to": [12.95, -5, 8.05],
			"rotation": {"angle": -45, "axis": "z", "origin": [12.375, -5.575, 8]},
			"faces": {
				"north": {"uv": [0, 0, 0.65, 0.65], "texture": "#0"},
				"east": {"uv": [0, 0, 0.1, 0.65], "texture": "#0"},
				"south": {"uv": [0, 0, 0.65, 0.65], "texture": "#0"},
				"west": {"uv": [0, 0, 0.1, 0.65], "texture": "#0"},
				"up": {"uv": [0, 0, 0.65, 0.1], "texture": "#0"},
				"down": {"uv": [0, 0, 0.65, 0.1], "texture": "#0"}
			}
		},
		{
			"from": [10.81481, -5.27716, 7.9],
			"to": [12.11481, -4.87716, 8.1],
			"rotation": {"angle": 0, "axis": "z", "origin": [10.91481, -4.22716, 8.05]},
			"faces": {
				"north": {"uv": [0, 0, 1.3, 0.4], "texture": "#0"},
				"east": {"uv": [0, 0, 0.2, 0.4], "texture": "#0"},
				"south": {"uv": [0, 0, 1.3, 0.4], "texture": "#0"},
				"west": {"uv": [0, 0, 0.2, 0.4], "texture": "#0"},
				"up": {"uv": [0, 0, 1.3, 0.2], "texture": "#0"},
				"down": {"uv": [0, 0, 1.3, 0.2], "texture": "#0"}
			}
		},
		{
			"from": [5.25, -2.5, 7.95],
			"to": [6.15, -1.6, 8.05],
			"rotation": {"angle": -22.5, "axis": "z", "origin": [5.2, -2.25, 8.05]},
			"faces": {
				"north": {"uv": [0, 0, 0.9, 0.9], "texture": "#0"},
				"east": {"uv": [0, 0, 0.1, 0.9], "texture": "#0"},
				"south": {"uv": [0, 0, 0.9, 0.9], "texture": "#0"},
				"west": {"uv": [0, 0, 0.1, 0.9], "texture": "#0"},
				"up": {"uv": [0, 0, 0.9, 0.1], "texture": "#0"},
				"down": {"uv": [0, 0, 0.9, 0.1], "texture": "#0"}
			}
		},
		{
			"from": [5.1, -3.55, 7.9],
			"to": [6.6, -2.55, 8.1],
			"rotation": {"angle": 45, "axis": "z", "origin": [5.8, -2.85, 8.05]},
			"faces": {
				"north": {"uv": [0, 0, 1.5, 1], "texture": "#0"},
				"east": {"uv": [0, 0, 0.2, 1], "texture": "#0"},
				"south": {"uv": [0, 0, 1.5, 1], "texture": "#0"},
				"west": {"uv": [0, 0, 0.2, 1], "texture": "#0"},
				"up": {"uv": [0, 0, 1.5, 0.2], "texture": "#0"},
				"down": {"uv": [0, 0, 1.5, 0.2], "texture": "#0"}
			}
		},
		{
			"from": [5.3, -3, 7.9],
			"to": [6.35, -1.95, 8.1],
			"rotation": {"angle": -22.5, "axis": "z", "origin": [5.7, -2.55, 8.05]},
			"faces": {
				"north": {"uv": [0, 0, 1.05, 1.05], "texture": "#0"},
				"east": {"uv": [0, 0, 0.2, 1.05], "texture": "#0"},
				"south": {"uv": [0, 0, 1.05, 1.05], "texture": "#0"},
				"west": {"uv": [0, 0, 0.2, 1.05], "texture": "#0"},
				"up": {"uv": [0, 0, 1.05, 0.2], "texture": "#0"},
				"down": {"uv": [0, 0, 1.05, 0.2], "texture": "#0"}
			}
		}
	],
	"display": {
		"thirdperson_righthand": {
			"rotation": [0, 90, 0],
			"translation": [0, 10.5, 0.75],
			"scale": [0.7, 0.7, 0.7]
		},
		"thirdperson_lefthand": {
			"rotation": [0, -90, 0],
			"translation": [0, 10.5, 0.75],
			"scale": [0.7, 0.7, 0.7]
		},
		"firstperson_righthand": {
			"rotation": [0, 90, 0],
			"translation": [2.5, 9.75, 0.75],
			"scale": [0.7, 0.7, 0.7]
		},
		"firstperson_lefthand": {
			"rotation": [0, -90, 0],
			"translation": [2.5, 9.75, 0.75],
			"scale": [0.7, 0.7, 0.7]
		},
		"ground": {
			"rotation": [-65, -59, -180],
			"translation": [0, 2, 0],
			"scale": [0.7, 0.7, 0.7]
		},
		"gui": {
			"rotation": [-37, -15, -48],
			"translation": [1, 0, -4.75]
		},
		"fixed": {
			"rotation": [0, -180, -45],
			"translation": [-1, 0.75, -4.75],
			"scale": [1.2, 1.2, 1.2]
		}
	}
}